"Subject","Complement_type","Itemnum","LexTALE_score","rating","zrating","group","cen","nor"
"31","S","270",93.75,7,0.778343656386667,"L1_English",22.2219222462203,1.52017108641366
"31","Z","271",93.75,7,0.778343656386667,"L1_English",22.2219222462203,1.52017108641366
"31","S","272",93.75,7,0.778343656386667,"L1_English",22.2219222462203,1.52017108641366
"31","Z","273",93.75,7,0.778343656386667,"L1_English",22.2219222462203,1.52017108641366
"31","S","274",93.75,7,0.778343656386667,"L1_English",22.2219222462203,1.52017108641366
"31","Z","275",93.75,7,0.778343656386667,"L1_English",22.2219222462203,1.52017108641366
"31","S","276",93.75,7,0.778343656386667,"L1_English",22.2219222462203,1.52017108641366
"31","Z","277",93.75,7,0.778343656386667,"L1_English",22.2219222462203,1.52017108641366
"31","S","278",93.75,6,0.222383901824762,"L1_English",22.2219222462203,1.52017108641366
"31","Z","279",93.75,7,0.778343656386667,"L1_English",22.2219222462203,1.52017108641366
"34","S","42",100,7,0.778343656386667,"L1_English",28.4719222462203,1.94772497598329
"34","Z","43",100,6,0.222383901824762,"L1_English",28.4719222462203,1.94772497598329
"34","S","44",100,7,0.778343656386667,"L1_English",28.4719222462203,1.94772497598329
"34","Z","45",100,7,0.778343656386667,"L1_English",28.4719222462203,1.94772497598329
"34","S","46",100,6,0.222383901824762,"L1_English",28.4719222462203,1.94772497598329
"34","Z","47",100,7,0.778343656386667,"L1_English",28.4719222462203,1.94772497598329
"34","S","48",100,7,0.778343656386667,"L1_English",28.4719222462203,1.94772497598329
"34","Z","49",100,7,0.778343656386667,"L1_English",28.4719222462203,1.94772497598329
"34","S","50",100,7,0.778343656386667,"L1_English",28.4719222462203,1.94772497598329
"34","Z","51",100,7,0.778343656386667,"L1_English",28.4719222462203,1.94772497598329
"2","Z","213",92.5,1,-2.55741487098476,"L1_English",20.9719222462203,1.43466030849973
"2","S","214",92.5,7,0.778343656386667,"L1_English",20.9719222462203,1.43466030849973
"2","Z","215",92.5,7,0.778343656386667,"L1_English",20.9719222462203,1.43466030849973
"2","S","216",92.5,7,0.778343656386667,"L1_English",20.9719222462203,1.43466030849973
"2","Z","217",92.5,7,0.778343656386667,"L1_English",20.9719222462203,1.43466030849973
"2","S","218",92.5,7,0.778343656386667,"L1_English",20.9719222462203,1.43466030849973
"2","Z","219",92.5,5,-0.333575852737143,"L1_English",20.9719222462203,1.43466030849973
"2","S","220",92.5,7,0.778343656386667,"L1_English",20.9719222462203,1.43466030849973
"2","S","221",92.5,7,0.778343656386667,"L1_English",20.9719222462203,1.43466030849973
"2","Z","222",92.5,7,0.778343656386667,"L1_English",20.9719222462203,1.43466030849973
"28","Z","327",100,7,0.778343656386667,"L1_English",28.4719222462203,1.94772497598329
"28","S","328",100,7,0.778343656386667,"L1_English",28.4719222462203,1.94772497598329
"28","Z","329",100,7,0.778343656386667,"L1_English",28.4719222462203,1.94772497598329
"28","S","330",100,7,0.778343656386667,"L1_English",28.4719222462203,1.94772497598329
"28","Z","331",100,7,0.778343656386667,"L1_English",28.4719222462203,1.94772497598329
"28","S","332",100,7,0.778343656386667,"L1_English",28.4719222462203,1.94772497598329
"28","Z","333",100,7,0.778343656386667,"L1_English",28.4719222462203,1.94772497598329
"28","S","334",100,7,0.778343656386667,"L1_English",28.4719222462203,1.94772497598329
"28","S","335",100,7,0.778343656386667,"L1_English",28.4719222462203,1.94772497598329
"28","Z","336",100,7,0.778343656386667,"L1_English",28.4719222462203,1.94772497598329
"5","Z","327",100,6,0.222383901824762,"L1_English",28.4719222462203,1.94772497598329
"5","S","328",100,3,-1.44549536186095,"L1_English",28.4719222462203,1.94772497598329
"5","Z","329",100,7,0.778343656386667,"L1_English",28.4719222462203,1.94772497598329
"5","S","330",100,6,0.222383901824762,"L1_English",28.4719222462203,1.94772497598329
"5","Z","331",100,6,0.222383901824762,"L1_English",28.4719222462203,1.94772497598329
"5","S","332",100,7,0.778343656386667,"L1_English",28.4719222462203,1.94772497598329
"5","Z","333",100,6,0.222383901824762,"L1_English",28.4719222462203,1.94772497598329
"5","S","334",100,7,0.778343656386667,"L1_English",28.4719222462203,1.94772497598329
"5","S","335",100,7,0.778343656386667,"L1_English",28.4719222462203,1.94772497598329
"5","Z","336",100,6,0.222383901824762,"L1_English",28.4719222462203,1.94772497598329
"32","S","42",100,7,0.778343656386667,"L1_English",28.4719222462203,1.94772497598329
"32","Z","43",100,1,-2.55741487098476,"L1_English",28.4719222462203,1.94772497598329
"32","S","44",100,7,0.778343656386667,"L1_English",28.4719222462203,1.94772497598329
"32","Z","45",100,7,0.778343656386667,"L1_English",28.4719222462203,1.94772497598329
"32","S","46",100,7,0.778343656386667,"L1_English",28.4719222462203,1.94772497598329
"32","Z","47",100,7,0.778343656386667,"L1_English",28.4719222462203,1.94772497598329
"32","S","48",100,7,0.778343656386667,"L1_English",28.4719222462203,1.94772497598329
"32","Z","49",100,7,0.778343656386667,"L1_English",28.4719222462203,1.94772497598329
"32","S","50",100,7,0.778343656386667,"L1_English",28.4719222462203,1.94772497598329
"32","Z","51",100,6,0.222383901824762,"L1_English",28.4719222462203,1.94772497598329
"11","Z","213",100,1,-2.55741487098476,"L1_English",28.4719222462203,1.94772497598329
"11","S","214",100,7,0.778343656386667,"L1_English",28.4719222462203,1.94772497598329
"11","Z","215",100,7,0.778343656386667,"L1_English",28.4719222462203,1.94772497598329
"11","S","216",100,7,0.778343656386667,"L1_English",28.4719222462203,1.94772497598329
"11","Z","217",100,7,0.778343656386667,"L1_English",28.4719222462203,1.94772497598329
"11","S","218",100,7,0.778343656386667,"L1_English",28.4719222462203,1.94772497598329
"11","Z","219",100,2,-2.00145511642286,"L1_English",28.4719222462203,1.94772497598329
"11","S","220",100,7,0.778343656386667,"L1_English",28.4719222462203,1.94772497598329
"11","S","221",100,7,0.778343656386667,"L1_English",28.4719222462203,1.94772497598329
"11","Z","222",100,7,0.778343656386667,"L1_English",28.4719222462203,1.94772497598329
"10","S","270",83.75,7,0.778343656386667,"L1_English",12.2219222462203,0.836084863102252
"10","Z","271",83.75,7,0.778343656386667,"L1_English",12.2219222462203,0.836084863102252
"10","S","272",83.75,7,0.778343656386667,"L1_English",12.2219222462203,0.836084863102252
"10","Z","273",83.75,7,0.778343656386667,"L1_English",12.2219222462203,0.836084863102252
"10","S","274",83.75,7,0.778343656386667,"L1_English",12.2219222462203,0.836084863102252
"10","Z","275",83.75,7,0.778343656386667,"L1_English",12.2219222462203,0.836084863102252
"10","S","276",83.75,7,0.778343656386667,"L1_English",12.2219222462203,0.836084863102252
"10","Z","277",83.75,7,0.778343656386667,"L1_English",12.2219222462203,0.836084863102252
"10","S","278",83.75,7,0.778343656386667,"L1_English",12.2219222462203,0.836084863102252
"10","Z","279",83.75,7,0.778343656386667,"L1_English",12.2219222462203,0.836084863102252
"25","Z","327",87.5,5,-0.333575852737143,"L1_English",15.9719222462203,1.09261719684403
"25","S","328",87.5,3,-1.44549536186095,"L1_English",15.9719222462203,1.09261719684403
"25","Z","329",87.5,5,-0.333575852737143,"L1_English",15.9719222462203,1.09261719684403
"25","S","330",87.5,7,0.778343656386667,"L1_English",15.9719222462203,1.09261719684403
"25","Z","331",87.5,4,-0.889535607299048,"L1_English",15.9719222462203,1.09261719684403
"25","S","332",87.5,6,0.222383901824762,"L1_English",15.9719222462203,1.09261719684403
"25","Z","333",87.5,7,0.778343656386667,"L1_English",15.9719222462203,1.09261719684403
"25","S","334",87.5,5,-0.333575852737143,"L1_English",15.9719222462203,1.09261719684403
"25","S","335",87.5,7,0.778343656386667,"L1_English",15.9719222462203,1.09261719684403
"25","Z","336",87.5,4,-0.889535607299048,"L1_English",15.9719222462203,1.09261719684403
"23","Z","213",90,7,0.778343656386667,"L1_English",18.4719222462203,1.26363875267188
"23","S","214",90,3,-1.44549536186095,"L1_English",18.4719222462203,1.26363875267188
"23","Z","215",90,7,0.778343656386667,"L1_English",18.4719222462203,1.26363875267188
"23","S","216",90,5,-0.333575852737143,"L1_English",18.4719222462203,1.26363875267188
"23","Z","217",90,6,0.222383901824762,"L1_English",18.4719222462203,1.26363875267188
"23","S","218",90,6,0.222383901824762,"L1_English",18.4719222462203,1.26363875267188
"23","Z","219",90,7,0.778343656386667,"L1_English",18.4719222462203,1.26363875267188
"23","S","220",90,7,0.778343656386667,"L1_English",18.4719222462203,1.26363875267188
"23","S","221",90,6,0.222383901824762,"L1_English",18.4719222462203,1.26363875267188
"23","Z","222",90,7,0.778343656386667,"L1_English",18.4719222462203,1.26363875267188
"21","S","270",100,7,0.778343656386667,"L1_English",28.4719222462203,1.94772497598329
"21","Z","271",100,7,0.778343656386667,"L1_English",28.4719222462203,1.94772497598329
"21","S","272",100,7,0.778343656386667,"L1_English",28.4719222462203,1.94772497598329
"21","Z","273",100,7,0.778343656386667,"L1_English",28.4719222462203,1.94772497598329
"21","S","274",100,7,0.778343656386667,"L1_English",28.4719222462203,1.94772497598329
"21","Z","275",100,7,0.778343656386667,"L1_English",28.4719222462203,1.94772497598329
"21","S","276",100,7,0.778343656386667,"L1_English",28.4719222462203,1.94772497598329
"21","Z","277",100,7,0.778343656386667,"L1_English",28.4719222462203,1.94772497598329
"21","S","278",100,5,-0.333575852737143,"L1_English",28.4719222462203,1.94772497598329
"21","Z","279",100,7,0.778343656386667,"L1_English",28.4719222462203,1.94772497598329
"15","S","42",91.25,7,0.778343656386667,"L1_English",19.7219222462203,1.34914953058581
"15","Z","43",91.25,7,0.778343656386667,"L1_English",19.7219222462203,1.34914953058581
"15","S","44",91.25,7,0.778343656386667,"L1_English",19.7219222462203,1.34914953058581
"15","Z","45",91.25,7,0.778343656386667,"L1_English",19.7219222462203,1.34914953058581
"15","S","46",91.25,7,0.778343656386667,"L1_English",19.7219222462203,1.34914953058581
"15","Z","47",91.25,7,0.778343656386667,"L1_English",19.7219222462203,1.34914953058581
"15","S","48",91.25,7,0.778343656386667,"L1_English",19.7219222462203,1.34914953058581
"15","Z","49",91.25,7,0.778343656386667,"L1_English",19.7219222462203,1.34914953058581
"15","S","50",91.25,3,-1.44549536186095,"L1_English",19.7219222462203,1.34914953058581
"15","Z","51",91.25,7,0.778343656386667,"L1_English",19.7219222462203,1.34914953058581
"9","Z","213",85,2,-2.00145511642286,"L1_English",13.4719222462203,0.921595641016178
"9","S","214",85,7,0.778343656386667,"L1_English",13.4719222462203,0.921595641016178
"9","Z","215",85,7,0.778343656386667,"L1_English",13.4719222462203,0.921595641016178
"9","S","216",85,6,0.222383901824762,"L1_English",13.4719222462203,0.921595641016178
"9","Z","217",85,7,0.778343656386667,"L1_English",13.4719222462203,0.921595641016178
"9","S","218",85,7,0.778343656386667,"L1_English",13.4719222462203,0.921595641016178
"9","Z","219",85,5,-0.333575852737143,"L1_English",13.4719222462203,0.921595641016178
"9","S","220",85,7,0.778343656386667,"L1_English",13.4719222462203,0.921595641016178
"9","S","221",85,7,0.778343656386667,"L1_English",13.4719222462203,0.921595641016178
"9","Z","222",85,7,0.778343656386667,"L1_English",13.4719222462203,0.921595641016178
"6","Z","327",82.5,7,0.778343656386667,"L1_English",10.9719222462203,0.750574085188326
"6","S","328",82.5,7,0.778343656386667,"L1_English",10.9719222462203,0.750574085188326
"6","Z","329",82.5,7,0.778343656386667,"L1_English",10.9719222462203,0.750574085188326
"6","S","330",82.5,7,0.778343656386667,"L1_English",10.9719222462203,0.750574085188326
"6","Z","331",82.5,7,0.778343656386667,"L1_English",10.9719222462203,0.750574085188326
"6","S","332",82.5,7,0.778343656386667,"L1_English",10.9719222462203,0.750574085188326
"6","Z","333",82.5,7,0.778343656386667,"L1_English",10.9719222462203,0.750574085188326
"6","S","334",82.5,7,0.778343656386667,"L1_English",10.9719222462203,0.750574085188326
"6","S","335",82.5,7,0.778343656386667,"L1_English",10.9719222462203,0.750574085188326
"6","Z","336",82.5,3,-1.44549536186095,"L1_English",10.9719222462203,0.750574085188326
"14","S","42",93.75,7,0.778343656386667,"L1_English",22.2219222462203,1.52017108641366
"14","Z","43",93.75,7,0.778343656386667,"L1_English",22.2219222462203,1.52017108641366
"14","S","44",93.75,7,0.778343656386667,"L1_English",22.2219222462203,1.52017108641366
"14","Z","45",93.75,7,0.778343656386667,"L1_English",22.2219222462203,1.52017108641366
"14","S","46",93.75,7,0.778343656386667,"L1_English",22.2219222462203,1.52017108641366
"14","Z","47",93.75,7,0.778343656386667,"L1_English",22.2219222462203,1.52017108641366
"14","S","48",93.75,7,0.778343656386667,"L1_English",22.2219222462203,1.52017108641366
"14","Z","49",93.75,7,0.778343656386667,"L1_English",22.2219222462203,1.52017108641366
"14","S","50",93.75,2,-2.00145511642286,"L1_English",22.2219222462203,1.52017108641366
"14","Z","51",93.75,7,0.778343656386667,"L1_English",22.2219222462203,1.52017108641366
"27","S","270",90,7,0.778343656386667,"L1_English",18.4719222462203,1.26363875267188
"27","Z","271",90,7,0.778343656386667,"L1_English",18.4719222462203,1.26363875267188
"27","S","272",90,7,0.778343656386667,"L1_English",18.4719222462203,1.26363875267188
"27","Z","273",90,7,0.778343656386667,"L1_English",18.4719222462203,1.26363875267188
"27","S","274",90,7,0.778343656386667,"L1_English",18.4719222462203,1.26363875267188
"27","Z","275",90,7,0.778343656386667,"L1_English",18.4719222462203,1.26363875267188
"27","S","276",90,7,0.778343656386667,"L1_English",18.4719222462203,1.26363875267188
"27","Z","277",90,7,0.778343656386667,"L1_English",18.4719222462203,1.26363875267188
"27","S","278",90,7,0.778343656386667,"L1_English",18.4719222462203,1.26363875267188
"27","Z","279",90,7,0.778343656386667,"L1_English",18.4719222462203,1.26363875267188
"38","Z","327",100,6,0.222383901824762,"L1_English",28.4719222462203,1.94772497598329
"38","S","328",100,4,-0.889535607299048,"L1_English",28.4719222462203,1.94772497598329
"38","Z","329",100,3,-1.44549536186095,"L1_English",28.4719222462203,1.94772497598329
"38","S","330",100,7,0.778343656386667,"L1_English",28.4719222462203,1.94772497598329
"38","Z","331",100,5,-0.333575852737143,"L1_English",28.4719222462203,1.94772497598329
"38","S","332",100,4,-0.889535607299048,"L1_English",28.4719222462203,1.94772497598329
"38","Z","333",100,7,0.778343656386667,"L1_English",28.4719222462203,1.94772497598329
"38","S","334",100,6,0.222383901824762,"L1_English",28.4719222462203,1.94772497598329
"38","S","335",100,7,0.778343656386667,"L1_English",28.4719222462203,1.94772497598329
"38","Z","336",100,1,-2.55741487098476,"L1_English",28.4719222462203,1.94772497598329
"37","Z","213",90,1,-2.55741487098476,"L1_English",18.4719222462203,1.26363875267188
"37","S","214",90,7,0.778343656386667,"L1_English",18.4719222462203,1.26363875267188
"37","Z","215",90,7,0.778343656386667,"L1_English",18.4719222462203,1.26363875267188
"37","S","216",90,7,0.778343656386667,"L1_English",18.4719222462203,1.26363875267188
"37","Z","217",90,7,0.778343656386667,"L1_English",18.4719222462203,1.26363875267188
"37","S","218",90,7,0.778343656386667,"L1_English",18.4719222462203,1.26363875267188
"37","Z","219",90,6,0.222383901824762,"L1_English",18.4719222462203,1.26363875267188
"37","S","220",90,7,0.778343656386667,"L1_English",18.4719222462203,1.26363875267188
"37","S","221",90,7,0.778343656386667,"L1_English",18.4719222462203,1.26363875267188
"37","Z","222",90,7,0.778343656386667,"L1_English",18.4719222462203,1.26363875267188
"8","S","42",96.25,7,0.778343656386667,"L1_English",24.7219222462203,1.69119264224151
"8","Z","43",96.25,7,0.778343656386667,"L1_English",24.7219222462203,1.69119264224151
"8","S","44",96.25,7,0.778343656386667,"L1_English",24.7219222462203,1.69119264224151
"8","Z","45",96.25,7,0.778343656386667,"L1_English",24.7219222462203,1.69119264224151
"8","S","46",96.25,7,0.778343656386667,"L1_English",24.7219222462203,1.69119264224151
"8","Z","47",96.25,7,0.778343656386667,"L1_English",24.7219222462203,1.69119264224151
"8","S","48",96.25,7,0.778343656386667,"L1_English",24.7219222462203,1.69119264224151
"8","Z","49",96.25,7,0.778343656386667,"L1_English",24.7219222462203,1.69119264224151
"8","S","50",96.25,6,0.222383901824762,"L1_English",24.7219222462203,1.69119264224151
"8","Z","51",96.25,7,0.778343656386667,"L1_English",24.7219222462203,1.69119264224151
"35","S","270",81.25,7,0.778343656386667,"L1_English",9.7219222462203,0.6650633072744
"35","Z","271",81.25,7,0.778343656386667,"L1_English",9.7219222462203,0.6650633072744
"35","S","272",81.25,7,0.778343656386667,"L1_English",9.7219222462203,0.6650633072744
"35","Z","273",81.25,7,0.778343656386667,"L1_English",9.7219222462203,0.6650633072744
"35","S","274",81.25,6,0.222383901824762,"L1_English",9.7219222462203,0.6650633072744
"35","Z","275",81.25,7,0.778343656386667,"L1_English",9.7219222462203,0.6650633072744
"35","S","276",81.25,7,0.778343656386667,"L1_English",9.7219222462203,0.6650633072744
"35","Z","277",81.25,7,0.778343656386667,"L1_English",9.7219222462203,0.6650633072744
"35","S","278",81.25,7,0.778343656386667,"L1_English",9.7219222462203,0.6650633072744
"35","Z","279",81.25,7,0.778343656386667,"L1_English",9.7219222462203,0.6650633072744
"24","S","270",92.5,7,0.778343656386667,"L1_English",20.9719222462203,1.43466030849973
"24","Z","271",92.5,7,0.778343656386667,"L1_English",20.9719222462203,1.43466030849973
"24","S","272",92.5,7,0.778343656386667,"L1_English",20.9719222462203,1.43466030849973
"24","Z","273",92.5,7,0.778343656386667,"L1_English",20.9719222462203,1.43466030849973
"24","S","274",92.5,7,0.778343656386667,"L1_English",20.9719222462203,1.43466030849973
"24","Z","275",92.5,7,0.778343656386667,"L1_English",20.9719222462203,1.43466030849973
"24","S","276",92.5,7,0.778343656386667,"L1_English",20.9719222462203,1.43466030849973
"24","Z","277",92.5,7,0.778343656386667,"L1_English",20.9719222462203,1.43466030849973
"24","S","278",92.5,7,0.778343656386667,"L1_English",20.9719222462203,1.43466030849973
"24","Z","279",92.5,7,0.778343656386667,"L1_English",20.9719222462203,1.43466030849973
"17","Z","327",96.25,7,0.778343656386667,"L1_English",24.7219222462203,1.69119264224151
"17","S","328",96.25,4,-0.889535607299048,"L1_English",24.7219222462203,1.69119264224151
"17","Z","329",96.25,7,0.778343656386667,"L1_English",24.7219222462203,1.69119264224151
"17","S","330",96.25,7,0.778343656386667,"L1_English",24.7219222462203,1.69119264224151
"17","Z","331",96.25,4,-0.889535607299048,"L1_English",24.7219222462203,1.69119264224151
"17","S","332",96.25,7,0.778343656386667,"L1_English",24.7219222462203,1.69119264224151
"17","Z","333",96.25,7,0.778343656386667,"L1_English",24.7219222462203,1.69119264224151
"17","S","334",96.25,7,0.778343656386667,"L1_English",24.7219222462203,1.69119264224151
"17","S","335",96.25,7,0.778343656386667,"L1_English",24.7219222462203,1.69119264224151
"17","Z","336",96.25,3,-1.44549536186095,"L1_English",24.7219222462203,1.69119264224151
"3","Z","213",92.5,5,-0.333575852737143,"L1_English",20.9719222462203,1.43466030849973
"3","S","214",92.5,7,0.778343656386667,"L1_English",20.9719222462203,1.43466030849973
"3","Z","215",92.5,7,0.778343656386667,"L1_English",20.9719222462203,1.43466030849973
"3","S","216",92.5,7,0.778343656386667,"L1_English",20.9719222462203,1.43466030849973
"3","Z","217",92.5,7,0.778343656386667,"L1_English",20.9719222462203,1.43466030849973
"3","S","218",92.5,7,0.778343656386667,"L1_English",20.9719222462203,1.43466030849973
"3","Z","219",92.5,5,-0.333575852737143,"L1_English",20.9719222462203,1.43466030849973
"3","S","220",92.5,7,0.778343656386667,"L1_English",20.9719222462203,1.43466030849973
"3","S","221",92.5,7,0.778343656386667,"L1_English",20.9719222462203,1.43466030849973
"3","Z","222",92.5,7,0.778343656386667,"L1_English",20.9719222462203,1.43466030849973
"13","Z","327",95,7,0.778343656386667,"L1_English",23.4719222462203,1.60568186432758
"13","S","328",95,6,0.222383901824762,"L1_English",23.4719222462203,1.60568186432758
"13","Z","329",95,7,0.778343656386667,"L1_English",23.4719222462203,1.60568186432758
"13","S","330",95,7,0.778343656386667,"L1_English",23.4719222462203,1.60568186432758
"13","Z","331",95,6,0.222383901824762,"L1_English",23.4719222462203,1.60568186432758
"13","S","332",95,7,0.778343656386667,"L1_English",23.4719222462203,1.60568186432758
"13","Z","333",95,6,0.222383901824762,"L1_English",23.4719222462203,1.60568186432758
"13","S","334",95,5,-0.333575852737143,"L1_English",23.4719222462203,1.60568186432758
"13","S","335",95,7,0.778343656386667,"L1_English",23.4719222462203,1.60568186432758
"13","Z","336",95,3,-1.44549536186095,"L1_English",23.4719222462203,1.60568186432758
"22","S","42",85,7,0.778343656386667,"L1_English",13.4719222462203,0.921595641016178
"22","Z","43",85,4,-0.889535607299048,"L1_English",13.4719222462203,0.921595641016178
"22","S","44",85,7,0.778343656386667,"L1_English",13.4719222462203,0.921595641016178
"22","Z","45",85,7,0.778343656386667,"L1_English",13.4719222462203,0.921595641016178
"22","S","46",85,7,0.778343656386667,"L1_English",13.4719222462203,0.921595641016178
"22","Z","47",85,7,0.778343656386667,"L1_English",13.4719222462203,0.921595641016178
"22","S","48",85,5,-0.333575852737143,"L1_English",13.4719222462203,0.921595641016178
"22","Z","49",85,7,0.778343656386667,"L1_English",13.4719222462203,0.921595641016178
"22","S","50",85,1,-2.55741487098476,"L1_English",13.4719222462203,0.921595641016178
"22","Z","51",85,6,0.222383901824762,"L1_English",13.4719222462203,0.921595641016178
"30","S","270",76.25,6,0.222383901824762,"L1_English",4.7219222462203,0.323020195618696
"30","Z","271",76.25,7,0.778343656386667,"L1_English",4.7219222462203,0.323020195618696
"30","S","272",76.25,7,0.778343656386667,"L1_English",4.7219222462203,0.323020195618696
"30","Z","273",76.25,5,-0.333575852737143,"L1_English",4.7219222462203,0.323020195618696
"30","S","274",76.25,4,-0.889535607299048,"L1_English",4.7219222462203,0.323020195618696
"30","Z","275",76.25,7,0.778343656386667,"L1_English",4.7219222462203,0.323020195618696
"30","S","276",76.25,7,0.778343656386667,"L1_English",4.7219222462203,0.323020195618696
"30","Z","277",76.25,7,0.778343656386667,"L1_English",4.7219222462203,0.323020195618696
"30","S","278",76.25,6,0.222383901824762,"L1_English",4.7219222462203,0.323020195618696
"30","Z","279",76.25,7,0.778343656386667,"L1_English",4.7219222462203,0.323020195618696
"61","S","42",72.5,NA,NA,"L2_English",0.971922246220302,0.0664878618769186
"61","Z","43",72.5,NA,NA,"L2_English",0.971922246220302,0.0664878618769186
"61","S","44",72.5,NA,NA,"L2_English",0.971922246220302,0.0664878618769186
"61","Z","45",72.5,NA,NA,"L2_English",0.971922246220302,0.0664878618769186
"61","S","46",72.5,NA,NA,"L2_English",0.971922246220302,0.0664878618769186
"61","Z","47",72.5,NA,NA,"L2_English",0.971922246220302,0.0664878618769186
"61","S","48",72.5,NA,NA,"L2_English",0.971922246220302,0.0664878618769186
"61","Z","49",72.5,NA,NA,"L2_English",0.971922246220302,0.0664878618769186
"61","S","50",72.5,NA,NA,"L2_English",0.971922246220302,0.0664878618769186
"61","Z","51",72.5,NA,NA,"L2_English",0.971922246220302,0.0664878618769186
"61","Z","213",72.5,NA,NA,"L2_English",0.971922246220302,0.0664878618769186
"61","S","214",72.5,NA,NA,"L2_English",0.971922246220302,0.0664878618769186
"61","Z","215",72.5,NA,NA,"L2_English",0.971922246220302,0.0664878618769186
"61","S","216",72.5,NA,NA,"L2_English",0.971922246220302,0.0664878618769186
"61","Z","217",72.5,NA,NA,"L2_English",0.971922246220302,0.0664878618769186
"61","S","218",72.5,NA,NA,"L2_English",0.971922246220302,0.0664878618769186
"61","Z","219",72.5,NA,NA,"L2_English",0.971922246220302,0.0664878618769186
"61","S","220",72.5,NA,NA,"L2_English",0.971922246220302,0.0664878618769186
"61","S","221",72.5,NA,NA,"L2_English",0.971922246220302,0.0664878618769186
"61","Z","222",72.5,NA,NA,"L2_English",0.971922246220302,0.0664878618769186
"61","S","270",72.5,NA,NA,"L2_English",0.971922246220302,0.0664878618769186
"61","Z","271",72.5,NA,NA,"L2_English",0.971922246220302,0.0664878618769186
"61","S","272",72.5,NA,NA,"L2_English",0.971922246220302,0.0664878618769186
"61","Z","273",72.5,NA,NA,"L2_English",0.971922246220302,0.0664878618769186
"61","S","274",72.5,NA,NA,"L2_English",0.971922246220302,0.0664878618769186
"61","Z","275",72.5,NA,NA,"L2_English",0.971922246220302,0.0664878618769186
"61","S","276",72.5,NA,NA,"L2_English",0.971922246220302,0.0664878618769186
"61","Z","277",72.5,NA,NA,"L2_English",0.971922246220302,0.0664878618769186
"61","S","278",72.5,NA,NA,"L2_English",0.971922246220302,0.0664878618769186
"61","Z","279",72.5,NA,NA,"L2_English",0.971922246220302,0.0664878618769186
"61","Z","327",72.5,7,0.778343656386667,"L2_English",0.971922246220302,0.0664878618769186
"61","S","328",72.5,6,0.222383901824762,"L2_English",0.971922246220302,0.0664878618769186
"61","Z","329",72.5,7,0.778343656386667,"L2_English",0.971922246220302,0.0664878618769186
"61","S","330",72.5,7,0.778343656386667,"L2_English",0.971922246220302,0.0664878618769186
"61","Z","331",72.5,7,0.778343656386667,"L2_English",0.971922246220302,0.0664878618769186
"61","S","332",72.5,7,0.778343656386667,"L2_English",0.971922246220302,0.0664878618769186
"61","Z","333",72.5,7,0.778343656386667,"L2_English",0.971922246220302,0.0664878618769186
"61","S","334",72.5,6,0.222383901824762,"L2_English",0.971922246220302,0.0664878618769186
"61","S","335",72.5,7,0.778343656386667,"L2_English",0.971922246220302,0.0664878618769186
"61","Z","336",72.5,7,0.778343656386667,"L2_English",0.971922246220302,0.0664878618769186
"99","S","42",61.25,NA,NA,"L2_English",-10.2780777537797,-0.703109139348415
"99","Z","43",61.25,NA,NA,"L2_English",-10.2780777537797,-0.703109139348415
"99","S","44",61.25,NA,NA,"L2_English",-10.2780777537797,-0.703109139348415
"99","Z","45",61.25,NA,NA,"L2_English",-10.2780777537797,-0.703109139348415
"99","S","46",61.25,NA,NA,"L2_English",-10.2780777537797,-0.703109139348415
"99","Z","47",61.25,NA,NA,"L2_English",-10.2780777537797,-0.703109139348415
"99","S","48",61.25,NA,NA,"L2_English",-10.2780777537797,-0.703109139348415
"99","Z","49",61.25,NA,NA,"L2_English",-10.2780777537797,-0.703109139348415
"99","S","50",61.25,NA,NA,"L2_English",-10.2780777537797,-0.703109139348415
"99","Z","51",61.25,NA,NA,"L2_English",-10.2780777537797,-0.703109139348415
"99","Z","213",61.25,NA,NA,"L2_English",-10.2780777537797,-0.703109139348415
"99","S","214",61.25,NA,NA,"L2_English",-10.2780777537797,-0.703109139348415
"99","Z","215",61.25,NA,NA,"L2_English",-10.2780777537797,-0.703109139348415
"99","S","216",61.25,NA,NA,"L2_English",-10.2780777537797,-0.703109139348415
"99","Z","217",61.25,NA,NA,"L2_English",-10.2780777537797,-0.703109139348415
"99","S","218",61.25,NA,NA,"L2_English",-10.2780777537797,-0.703109139348415
"99","Z","219",61.25,NA,NA,"L2_English",-10.2780777537797,-0.703109139348415
"99","S","220",61.25,NA,NA,"L2_English",-10.2780777537797,-0.703109139348415
"99","S","221",61.25,NA,NA,"L2_English",-10.2780777537797,-0.703109139348415
"99","Z","222",61.25,NA,NA,"L2_English",-10.2780777537797,-0.703109139348415
"99","S","270",61.25,NA,NA,"L2_English",-10.2780777537797,-0.703109139348415
"99","Z","271",61.25,NA,NA,"L2_English",-10.2780777537797,-0.703109139348415
"99","S","272",61.25,NA,NA,"L2_English",-10.2780777537797,-0.703109139348415
"99","Z","273",61.25,NA,NA,"L2_English",-10.2780777537797,-0.703109139348415
"99","S","274",61.25,NA,NA,"L2_English",-10.2780777537797,-0.703109139348415
"99","Z","275",61.25,NA,NA,"L2_English",-10.2780777537797,-0.703109139348415
"99","S","276",61.25,NA,NA,"L2_English",-10.2780777537797,-0.703109139348415
"99","Z","277",61.25,NA,NA,"L2_English",-10.2780777537797,-0.703109139348415
"99","S","278",61.25,NA,NA,"L2_English",-10.2780777537797,-0.703109139348415
"99","Z","279",61.25,NA,NA,"L2_English",-10.2780777537797,-0.703109139348415
"99","Z","327",61.25,NA,NA,"L2_English",-10.2780777537797,-0.703109139348415
"99","S","328",61.25,NA,NA,"L2_English",-10.2780777537797,-0.703109139348415
"99","Z","329",61.25,NA,NA,"L2_English",-10.2780777537797,-0.703109139348415
"99","S","330",61.25,NA,NA,"L2_English",-10.2780777537797,-0.703109139348415
"99","Z","331",61.25,NA,NA,"L2_English",-10.2780777537797,-0.703109139348415
"99","S","332",61.25,NA,NA,"L2_English",-10.2780777537797,-0.703109139348415
"99","Z","333",61.25,NA,NA,"L2_English",-10.2780777537797,-0.703109139348415
"99","S","334",61.25,NA,NA,"L2_English",-10.2780777537797,-0.703109139348415
"99","S","335",61.25,NA,NA,"L2_English",-10.2780777537797,-0.703109139348415
"99","Z","336",61.25,NA,NA,"L2_English",-10.2780777537797,-0.703109139348415
"82","S","42",82.5,NA,NA,"L2_English",10.9719222462203,0.750574085188326
"82","Z","43",82.5,NA,NA,"L2_English",10.9719222462203,0.750574085188326
"82","S","44",82.5,NA,NA,"L2_English",10.9719222462203,0.750574085188326
"82","Z","45",82.5,NA,NA,"L2_English",10.9719222462203,0.750574085188326
"82","S","46",82.5,NA,NA,"L2_English",10.9719222462203,0.750574085188326
"82","Z","47",82.5,NA,NA,"L2_English",10.9719222462203,0.750574085188326
"82","S","48",82.5,NA,NA,"L2_English",10.9719222462203,0.750574085188326
"82","Z","49",82.5,NA,NA,"L2_English",10.9719222462203,0.750574085188326
"82","S","50",82.5,NA,NA,"L2_English",10.9719222462203,0.750574085188326
"82","Z","51",82.5,NA,NA,"L2_English",10.9719222462203,0.750574085188326
"82","Z","213",82.5,NA,NA,"L2_English",10.9719222462203,0.750574085188326
"82","S","214",82.5,NA,NA,"L2_English",10.9719222462203,0.750574085188326
"82","Z","215",82.5,NA,NA,"L2_English",10.9719222462203,0.750574085188326
"82","S","216",82.5,NA,NA,"L2_English",10.9719222462203,0.750574085188326
"82","Z","217",82.5,NA,NA,"L2_English",10.9719222462203,0.750574085188326
"82","S","218",82.5,NA,NA,"L2_English",10.9719222462203,0.750574085188326
"82","Z","219",82.5,NA,NA,"L2_English",10.9719222462203,0.750574085188326
"82","S","220",82.5,NA,NA,"L2_English",10.9719222462203,0.750574085188326
"82","S","221",82.5,NA,NA,"L2_English",10.9719222462203,0.750574085188326
"82","Z","222",82.5,NA,NA,"L2_English",10.9719222462203,0.750574085188326
"82","S","270",82.5,NA,NA,"L2_English",10.9719222462203,0.750574085188326
"82","Z","271",82.5,NA,NA,"L2_English",10.9719222462203,0.750574085188326
"82","S","272",82.5,NA,NA,"L2_English",10.9719222462203,0.750574085188326
"82","Z","273",82.5,NA,NA,"L2_English",10.9719222462203,0.750574085188326
"82","S","274",82.5,NA,NA,"L2_English",10.9719222462203,0.750574085188326
"82","Z","275",82.5,NA,NA,"L2_English",10.9719222462203,0.750574085188326
"82","S","276",82.5,NA,NA,"L2_English",10.9719222462203,0.750574085188326
"82","Z","277",82.5,NA,NA,"L2_English",10.9719222462203,0.750574085188326
"82","S","278",82.5,NA,NA,"L2_English",10.9719222462203,0.750574085188326
"82","Z","279",82.5,NA,NA,"L2_English",10.9719222462203,0.750574085188326
"82","Z","327",82.5,NA,NA,"L2_English",10.9719222462203,0.750574085188326
"82","S","328",82.5,NA,NA,"L2_English",10.9719222462203,0.750574085188326
"82","Z","329",82.5,NA,NA,"L2_English",10.9719222462203,0.750574085188326
"82","S","330",82.5,NA,NA,"L2_English",10.9719222462203,0.750574085188326
"82","Z","331",82.5,NA,NA,"L2_English",10.9719222462203,0.750574085188326
"82","S","332",82.5,NA,NA,"L2_English",10.9719222462203,0.750574085188326
"82","Z","333",82.5,NA,NA,"L2_English",10.9719222462203,0.750574085188326
"82","S","334",82.5,NA,NA,"L2_English",10.9719222462203,0.750574085188326
"82","S","335",82.5,NA,NA,"L2_English",10.9719222462203,0.750574085188326
"82","Z","336",82.5,NA,NA,"L2_English",10.9719222462203,0.750574085188326
"44","S","42",68.75,7,0.778343656386667,"L2_English",-2.7780777537797,-0.190044471864859
"44","Z","43",68.75,7,0.778343656386667,"L2_English",-2.7780777537797,-0.190044471864859
"44","S","44",68.75,7,0.778343656386667,"L2_English",-2.7780777537797,-0.190044471864859
"44","Z","45",68.75,7,0.778343656386667,"L2_English",-2.7780777537797,-0.190044471864859
"44","S","46",68.75,7,0.778343656386667,"L2_English",-2.7780777537797,-0.190044471864859
"44","Z","47",68.75,7,0.778343656386667,"L2_English",-2.7780777537797,-0.190044471864859
"44","S","48",68.75,7,0.778343656386667,"L2_English",-2.7780777537797,-0.190044471864859
"44","Z","49",68.75,7,0.778343656386667,"L2_English",-2.7780777537797,-0.190044471864859
"44","S","50",68.75,7,0.778343656386667,"L2_English",-2.7780777537797,-0.190044471864859
"44","Z","51",68.75,7,0.778343656386667,"L2_English",-2.7780777537797,-0.190044471864859
"44","Z","213",68.75,NA,NA,"L2_English",-2.7780777537797,-0.190044471864859
"44","S","214",68.75,NA,NA,"L2_English",-2.7780777537797,-0.190044471864859
"44","Z","215",68.75,NA,NA,"L2_English",-2.7780777537797,-0.190044471864859
"44","S","216",68.75,NA,NA,"L2_English",-2.7780777537797,-0.190044471864859
"44","Z","217",68.75,NA,NA,"L2_English",-2.7780777537797,-0.190044471864859
"44","S","218",68.75,NA,NA,"L2_English",-2.7780777537797,-0.190044471864859
"44","Z","219",68.75,NA,NA,"L2_English",-2.7780777537797,-0.190044471864859
"44","S","220",68.75,NA,NA,"L2_English",-2.7780777537797,-0.190044471864859
"44","S","221",68.75,NA,NA,"L2_English",-2.7780777537797,-0.190044471864859
"44","Z","222",68.75,NA,NA,"L2_English",-2.7780777537797,-0.190044471864859
"44","S","270",68.75,NA,NA,"L2_English",-2.7780777537797,-0.190044471864859
"44","Z","271",68.75,NA,NA,"L2_English",-2.7780777537797,-0.190044471864859
"44","S","272",68.75,NA,NA,"L2_English",-2.7780777537797,-0.190044471864859
"44","Z","273",68.75,NA,NA,"L2_English",-2.7780777537797,-0.190044471864859
"44","S","274",68.75,NA,NA,"L2_English",-2.7780777537797,-0.190044471864859
"44","Z","275",68.75,NA,NA,"L2_English",-2.7780777537797,-0.190044471864859
"44","S","276",68.75,NA,NA,"L2_English",-2.7780777537797,-0.190044471864859
"44","Z","277",68.75,NA,NA,"L2_English",-2.7780777537797,-0.190044471864859
"44","S","278",68.75,NA,NA,"L2_English",-2.7780777537797,-0.190044471864859
"44","Z","279",68.75,NA,NA,"L2_English",-2.7780777537797,-0.190044471864859
"44","Z","327",68.75,NA,NA,"L2_English",-2.7780777537797,-0.190044471864859
"44","S","328",68.75,NA,NA,"L2_English",-2.7780777537797,-0.190044471864859
"44","Z","329",68.75,NA,NA,"L2_English",-2.7780777537797,-0.190044471864859
"44","S","330",68.75,NA,NA,"L2_English",-2.7780777537797,-0.190044471864859
"44","Z","331",68.75,NA,NA,"L2_English",-2.7780777537797,-0.190044471864859
"44","S","332",68.75,NA,NA,"L2_English",-2.7780777537797,-0.190044471864859
"44","Z","333",68.75,NA,NA,"L2_English",-2.7780777537797,-0.190044471864859
"44","S","334",68.75,NA,NA,"L2_English",-2.7780777537797,-0.190044471864859
"44","S","335",68.75,NA,NA,"L2_English",-2.7780777537797,-0.190044471864859
"44","Z","336",68.75,NA,NA,"L2_English",-2.7780777537797,-0.190044471864859
"49","S","42",58.75,NA,NA,"L2_English",-12.7780777537797,-0.874130695176266
"49","Z","43",58.75,NA,NA,"L2_English",-12.7780777537797,-0.874130695176266
"49","S","44",58.75,NA,NA,"L2_English",-12.7780777537797,-0.874130695176266
"49","Z","45",58.75,NA,NA,"L2_English",-12.7780777537797,-0.874130695176266
"49","S","46",58.75,NA,NA,"L2_English",-12.7780777537797,-0.874130695176266
"49","Z","47",58.75,NA,NA,"L2_English",-12.7780777537797,-0.874130695176266
"49","S","48",58.75,NA,NA,"L2_English",-12.7780777537797,-0.874130695176266
"49","Z","49",58.75,NA,NA,"L2_English",-12.7780777537797,-0.874130695176266
"49","S","50",58.75,NA,NA,"L2_English",-12.7780777537797,-0.874130695176266
"49","Z","51",58.75,NA,NA,"L2_English",-12.7780777537797,-0.874130695176266
"49","Z","213",58.75,NA,NA,"L2_English",-12.7780777537797,-0.874130695176266
"49","S","214",58.75,NA,NA,"L2_English",-12.7780777537797,-0.874130695176266
"49","Z","215",58.75,NA,NA,"L2_English",-12.7780777537797,-0.874130695176266
"49","S","216",58.75,NA,NA,"L2_English",-12.7780777537797,-0.874130695176266
"49","Z","217",58.75,NA,NA,"L2_English",-12.7780777537797,-0.874130695176266
"49","S","218",58.75,NA,NA,"L2_English",-12.7780777537797,-0.874130695176266
"49","Z","219",58.75,NA,NA,"L2_English",-12.7780777537797,-0.874130695176266
"49","S","220",58.75,NA,NA,"L2_English",-12.7780777537797,-0.874130695176266
"49","S","221",58.75,NA,NA,"L2_English",-12.7780777537797,-0.874130695176266
"49","Z","222",58.75,NA,NA,"L2_English",-12.7780777537797,-0.874130695176266
"49","S","270",58.75,6,0.222383901824762,"L2_English",-12.7780777537797,-0.874130695176266
"49","Z","271",58.75,6,0.222383901824762,"L2_English",-12.7780777537797,-0.874130695176266
"49","S","272",58.75,7,0.778343656386667,"L2_English",-12.7780777537797,-0.874130695176266
"49","Z","273",58.75,5,-0.333575852737143,"L2_English",-12.7780777537797,-0.874130695176266
"49","S","274",58.75,7,0.778343656386667,"L2_English",-12.7780777537797,-0.874130695176266
"49","Z","275",58.75,7,0.778343656386667,"L2_English",-12.7780777537797,-0.874130695176266
"49","S","276",58.75,6,0.222383901824762,"L2_English",-12.7780777537797,-0.874130695176266
"49","Z","277",58.75,7,0.778343656386667,"L2_English",-12.7780777537797,-0.874130695176266
"49","S","278",58.75,7,0.778343656386667,"L2_English",-12.7780777537797,-0.874130695176266
"49","Z","279",58.75,7,0.778343656386667,"L2_English",-12.7780777537797,-0.874130695176266
"49","Z","327",58.75,NA,NA,"L2_English",-12.7780777537797,-0.874130695176266
"49","S","328",58.75,NA,NA,"L2_English",-12.7780777537797,-0.874130695176266
"49","Z","329",58.75,NA,NA,"L2_English",-12.7780777537797,-0.874130695176266
"49","S","330",58.75,NA,NA,"L2_English",-12.7780777537797,-0.874130695176266
"49","Z","331",58.75,NA,NA,"L2_English",-12.7780777537797,-0.874130695176266
"49","S","332",58.75,NA,NA,"L2_English",-12.7780777537797,-0.874130695176266
"49","Z","333",58.75,NA,NA,"L2_English",-12.7780777537797,-0.874130695176266
"49","S","334",58.75,NA,NA,"L2_English",-12.7780777537797,-0.874130695176266
"49","S","335",58.75,NA,NA,"L2_English",-12.7780777537797,-0.874130695176266
"49","Z","336",58.75,NA,NA,"L2_English",-12.7780777537797,-0.874130695176266
"59","S","42",56.25,NA,NA,"L2_English",-15.2780777537797,-1.04515225100412
"59","Z","43",56.25,NA,NA,"L2_English",-15.2780777537797,-1.04515225100412
"59","S","44",56.25,NA,NA,"L2_English",-15.2780777537797,-1.04515225100412
"59","Z","45",56.25,NA,NA,"L2_English",-15.2780777537797,-1.04515225100412
"59","S","46",56.25,NA,NA,"L2_English",-15.2780777537797,-1.04515225100412
"59","Z","47",56.25,NA,NA,"L2_English",-15.2780777537797,-1.04515225100412
"59","S","48",56.25,NA,NA,"L2_English",-15.2780777537797,-1.04515225100412
"59","Z","49",56.25,NA,NA,"L2_English",-15.2780777537797,-1.04515225100412
"59","S","50",56.25,NA,NA,"L2_English",-15.2780777537797,-1.04515225100412
"59","Z","51",56.25,NA,NA,"L2_English",-15.2780777537797,-1.04515225100412
"59","Z","213",56.25,NA,NA,"L2_English",-15.2780777537797,-1.04515225100412
"59","S","214",56.25,NA,NA,"L2_English",-15.2780777537797,-1.04515225100412
"59","Z","215",56.25,NA,NA,"L2_English",-15.2780777537797,-1.04515225100412
"59","S","216",56.25,NA,NA,"L2_English",-15.2780777537797,-1.04515225100412
"59","Z","217",56.25,NA,NA,"L2_English",-15.2780777537797,-1.04515225100412
"59","S","218",56.25,NA,NA,"L2_English",-15.2780777537797,-1.04515225100412
"59","Z","219",56.25,NA,NA,"L2_English",-15.2780777537797,-1.04515225100412
"59","S","220",56.25,NA,NA,"L2_English",-15.2780777537797,-1.04515225100412
"59","S","221",56.25,NA,NA,"L2_English",-15.2780777537797,-1.04515225100412
"59","Z","222",56.25,NA,NA,"L2_English",-15.2780777537797,-1.04515225100412
"59","S","270",56.25,NA,NA,"L2_English",-15.2780777537797,-1.04515225100412
"59","Z","271",56.25,NA,NA,"L2_English",-15.2780777537797,-1.04515225100412
"59","S","272",56.25,NA,NA,"L2_English",-15.2780777537797,-1.04515225100412
"59","Z","273",56.25,NA,NA,"L2_English",-15.2780777537797,-1.04515225100412
"59","S","274",56.25,NA,NA,"L2_English",-15.2780777537797,-1.04515225100412
"59","Z","275",56.25,NA,NA,"L2_English",-15.2780777537797,-1.04515225100412
"59","S","276",56.25,NA,NA,"L2_English",-15.2780777537797,-1.04515225100412
"59","Z","277",56.25,NA,NA,"L2_English",-15.2780777537797,-1.04515225100412
"59","S","278",56.25,NA,NA,"L2_English",-15.2780777537797,-1.04515225100412
"59","Z","279",56.25,NA,NA,"L2_English",-15.2780777537797,-1.04515225100412
"59","Z","327",56.25,6,0.222383901824762,"L2_English",-15.2780777537797,-1.04515225100412
"59","S","328",56.25,7,0.778343656386667,"L2_English",-15.2780777537797,-1.04515225100412
"59","Z","329",56.25,7,0.778343656386667,"L2_English",-15.2780777537797,-1.04515225100412
"59","S","330",56.25,7,0.778343656386667,"L2_English",-15.2780777537797,-1.04515225100412
"59","Z","331",56.25,7,0.778343656386667,"L2_English",-15.2780777537797,-1.04515225100412
"59","S","332",56.25,7,0.778343656386667,"L2_English",-15.2780777537797,-1.04515225100412
"59","Z","333",56.25,7,0.778343656386667,"L2_English",-15.2780777537797,-1.04515225100412
"59","S","334",56.25,7,0.778343656386667,"L2_English",-15.2780777537797,-1.04515225100412
"59","S","335",56.25,7,0.778343656386667,"L2_English",-15.2780777537797,-1.04515225100412
"59","Z","336",56.25,7,0.778343656386667,"L2_English",-15.2780777537797,-1.04515225100412
"80","S","42",57.5,NA,NA,"L2_English",-14.0280777537797,-0.959641473090192
"80","Z","43",57.5,NA,NA,"L2_English",-14.0280777537797,-0.959641473090192
"80","S","44",57.5,NA,NA,"L2_English",-14.0280777537797,-0.959641473090192
"80","Z","45",57.5,NA,NA,"L2_English",-14.0280777537797,-0.959641473090192
"80","S","46",57.5,NA,NA,"L2_English",-14.0280777537797,-0.959641473090192
"80","Z","47",57.5,NA,NA,"L2_English",-14.0280777537797,-0.959641473090192
"80","S","48",57.5,NA,NA,"L2_English",-14.0280777537797,-0.959641473090192
"80","Z","49",57.5,NA,NA,"L2_English",-14.0280777537797,-0.959641473090192
"80","S","50",57.5,NA,NA,"L2_English",-14.0280777537797,-0.959641473090192
"80","Z","51",57.5,NA,NA,"L2_English",-14.0280777537797,-0.959641473090192
"80","Z","213",57.5,6,0.222383901824762,"L2_English",-14.0280777537797,-0.959641473090192
"80","S","214",57.5,7,0.778343656386667,"L2_English",-14.0280777537797,-0.959641473090192
"80","Z","215",57.5,7,0.778343656386667,"L2_English",-14.0280777537797,-0.959641473090192
"80","S","216",57.5,7,0.778343656386667,"L2_English",-14.0280777537797,-0.959641473090192
"80","Z","217",57.5,7,0.778343656386667,"L2_English",-14.0280777537797,-0.959641473090192
"80","S","218",57.5,6,0.222383901824762,"L2_English",-14.0280777537797,-0.959641473090192
"80","Z","219",57.5,7,0.778343656386667,"L2_English",-14.0280777537797,-0.959641473090192
"80","S","220",57.5,7,0.778343656386667,"L2_English",-14.0280777537797,-0.959641473090192
"80","S","221",57.5,7,0.778343656386667,"L2_English",-14.0280777537797,-0.959641473090192
"80","Z","222",57.5,7,0.778343656386667,"L2_English",-14.0280777537797,-0.959641473090192
"80","S","270",57.5,NA,NA,"L2_English",-14.0280777537797,-0.959641473090192
"80","Z","271",57.5,NA,NA,"L2_English",-14.0280777537797,-0.959641473090192
"80","S","272",57.5,NA,NA,"L2_English",-14.0280777537797,-0.959641473090192
"80","Z","273",57.5,NA,NA,"L2_English",-14.0280777537797,-0.959641473090192
"80","S","274",57.5,NA,NA,"L2_English",-14.0280777537797,-0.959641473090192
"80","Z","275",57.5,NA,NA,"L2_English",-14.0280777537797,-0.959641473090192
"80","S","276",57.5,NA,NA,"L2_English",-14.0280777537797,-0.959641473090192
"80","Z","277",57.5,NA,NA,"L2_English",-14.0280777537797,-0.959641473090192
"80","S","278",57.5,NA,NA,"L2_English",-14.0280777537797,-0.959641473090192
"80","Z","279",57.5,NA,NA,"L2_English",-14.0280777537797,-0.959641473090192
"80","Z","327",57.5,NA,NA,"L2_English",-14.0280777537797,-0.959641473090192
"80","S","328",57.5,NA,NA,"L2_English",-14.0280777537797,-0.959641473090192
"80","Z","329",57.5,NA,NA,"L2_English",-14.0280777537797,-0.959641473090192
"80","S","330",57.5,NA,NA,"L2_English",-14.0280777537797,-0.959641473090192
"80","Z","331",57.5,NA,NA,"L2_English",-14.0280777537797,-0.959641473090192
"80","S","332",57.5,NA,NA,"L2_English",-14.0280777537797,-0.959641473090192
"80","Z","333",57.5,NA,NA,"L2_English",-14.0280777537797,-0.959641473090192
"80","S","334",57.5,NA,NA,"L2_English",-14.0280777537797,-0.959641473090192
"80","S","335",57.5,NA,NA,"L2_English",-14.0280777537797,-0.959641473090192
"80","Z","336",57.5,NA,NA,"L2_English",-14.0280777537797,-0.959641473090192
"104","S","42",71.25,NA,NA,"L2_English",-0.278077753779698,-0.0190229160370073
"104","Z","43",71.25,NA,NA,"L2_English",-0.278077753779698,-0.0190229160370073
"104","S","44",71.25,NA,NA,"L2_English",-0.278077753779698,-0.0190229160370073
"104","Z","45",71.25,NA,NA,"L2_English",-0.278077753779698,-0.0190229160370073
"104","S","46",71.25,NA,NA,"L2_English",-0.278077753779698,-0.0190229160370073
"104","Z","47",71.25,NA,NA,"L2_English",-0.278077753779698,-0.0190229160370073
"104","S","48",71.25,NA,NA,"L2_English",-0.278077753779698,-0.0190229160370073
"104","Z","49",71.25,NA,NA,"L2_English",-0.278077753779698,-0.0190229160370073
"104","S","50",71.25,NA,NA,"L2_English",-0.278077753779698,-0.0190229160370073
"104","Z","51",71.25,NA,NA,"L2_English",-0.278077753779698,-0.0190229160370073
"104","Z","213",71.25,NA,NA,"L2_English",-0.278077753779698,-0.0190229160370073
"104","S","214",71.25,NA,NA,"L2_English",-0.278077753779698,-0.0190229160370073
"104","Z","215",71.25,NA,NA,"L2_English",-0.278077753779698,-0.0190229160370073
"104","S","216",71.25,NA,NA,"L2_English",-0.278077753779698,-0.0190229160370073
"104","Z","217",71.25,NA,NA,"L2_English",-0.278077753779698,-0.0190229160370073
"104","S","218",71.25,NA,NA,"L2_English",-0.278077753779698,-0.0190229160370073
"104","Z","219",71.25,NA,NA,"L2_English",-0.278077753779698,-0.0190229160370073
"104","S","220",71.25,NA,NA,"L2_English",-0.278077753779698,-0.0190229160370073
"104","S","221",71.25,NA,NA,"L2_English",-0.278077753779698,-0.0190229160370073
"104","Z","222",71.25,NA,NA,"L2_English",-0.278077753779698,-0.0190229160370073
"104","S","270",71.25,NA,NA,"L2_English",-0.278077753779698,-0.0190229160370073
"104","Z","271",71.25,NA,NA,"L2_English",-0.278077753779698,-0.0190229160370073
"104","S","272",71.25,NA,NA,"L2_English",-0.278077753779698,-0.0190229160370073
"104","Z","273",71.25,NA,NA,"L2_English",-0.278077753779698,-0.0190229160370073
"104","S","274",71.25,NA,NA,"L2_English",-0.278077753779698,-0.0190229160370073
"104","Z","275",71.25,NA,NA,"L2_English",-0.278077753779698,-0.0190229160370073
"104","S","276",71.25,NA,NA,"L2_English",-0.278077753779698,-0.0190229160370073
"104","Z","277",71.25,NA,NA,"L2_English",-0.278077753779698,-0.0190229160370073
"104","S","278",71.25,NA,NA,"L2_English",-0.278077753779698,-0.0190229160370073
"104","Z","279",71.25,NA,NA,"L2_English",-0.278077753779698,-0.0190229160370073
"104","Z","327",71.25,NA,NA,"L2_English",-0.278077753779698,-0.0190229160370073
"104","S","328",71.25,NA,NA,"L2_English",-0.278077753779698,-0.0190229160370073
"104","Z","329",71.25,NA,NA,"L2_English",-0.278077753779698,-0.0190229160370073
"104","S","330",71.25,NA,NA,"L2_English",-0.278077753779698,-0.0190229160370073
"104","Z","331",71.25,NA,NA,"L2_English",-0.278077753779698,-0.0190229160370073
"104","S","332",71.25,NA,NA,"L2_English",-0.278077753779698,-0.0190229160370073
"104","Z","333",71.25,NA,NA,"L2_English",-0.278077753779698,-0.0190229160370073
"104","S","334",71.25,NA,NA,"L2_English",-0.278077753779698,-0.0190229160370073
"104","S","335",71.25,NA,NA,"L2_English",-0.278077753779698,-0.0190229160370073
"104","Z","336",71.25,NA,NA,"L2_English",-0.278077753779698,-0.0190229160370073
"72","S","42",75,5,-0.333575852737143,"L2_English",3.4719222462203,0.23750941770477
"72","Z","43",75,4,-0.889535607299048,"L2_English",3.4719222462203,0.23750941770477
"72","S","44",75,6,0.222383901824762,"L2_English",3.4719222462203,0.23750941770477
"72","Z","45",75,7,0.778343656386667,"L2_English",3.4719222462203,0.23750941770477
"72","S","46",75,7,0.778343656386667,"L2_English",3.4719222462203,0.23750941770477
"72","Z","47",75,3,-1.44549536186095,"L2_English",3.4719222462203,0.23750941770477
"72","S","48",75,5,-0.333575852737143,"L2_English",3.4719222462203,0.23750941770477
"72","Z","49",75,4,-0.889535607299048,"L2_English",3.4719222462203,0.23750941770477
"72","S","50",75,5,-0.333575852737143,"L2_English",3.4719222462203,0.23750941770477
"72","Z","51",75,6,0.222383901824762,"L2_English",3.4719222462203,0.23750941770477
"72","Z","213",75,NA,NA,"L2_English",3.4719222462203,0.23750941770477
"72","S","214",75,NA,NA,"L2_English",3.4719222462203,0.23750941770477
"72","Z","215",75,NA,NA,"L2_English",3.4719222462203,0.23750941770477
"72","S","216",75,NA,NA,"L2_English",3.4719222462203,0.23750941770477
"72","Z","217",75,NA,NA,"L2_English",3.4719222462203,0.23750941770477
"72","S","218",75,NA,NA,"L2_English",3.4719222462203,0.23750941770477
"72","Z","219",75,NA,NA,"L2_English",3.4719222462203,0.23750941770477
"72","S","220",75,NA,NA,"L2_English",3.4719222462203,0.23750941770477
"72","S","221",75,NA,NA,"L2_English",3.4719222462203,0.23750941770477
"72","Z","222",75,NA,NA,"L2_English",3.4719222462203,0.23750941770477
"72","S","270",75,NA,NA,"L2_English",3.4719222462203,0.23750941770477
"72","Z","271",75,NA,NA,"L2_English",3.4719222462203,0.23750941770477
"72","S","272",75,NA,NA,"L2_English",3.4719222462203,0.23750941770477
"72","Z","273",75,NA,NA,"L2_English",3.4719222462203,0.23750941770477
"72","S","274",75,NA,NA,"L2_English",3.4719222462203,0.23750941770477
"72","Z","275",75,NA,NA,"L2_English",3.4719222462203,0.23750941770477
"72","S","276",75,NA,NA,"L2_English",3.4719222462203,0.23750941770477
"72","Z","277",75,NA,NA,"L2_English",3.4719222462203,0.23750941770477
"72","S","278",75,NA,NA,"L2_English",3.4719222462203,0.23750941770477
"72","Z","279",75,NA,NA,"L2_English",3.4719222462203,0.23750941770477
"72","Z","327",75,NA,NA,"L2_English",3.4719222462203,0.23750941770477
"72","S","328",75,NA,NA,"L2_English",3.4719222462203,0.23750941770477
"72","Z","329",75,NA,NA,"L2_English",3.4719222462203,0.23750941770477
"72","S","330",75,NA,NA,"L2_English",3.4719222462203,0.23750941770477
"72","Z","331",75,NA,NA,"L2_English",3.4719222462203,0.23750941770477
"72","S","332",75,NA,NA,"L2_English",3.4719222462203,0.23750941770477
"72","Z","333",75,NA,NA,"L2_English",3.4719222462203,0.23750941770477
"72","S","334",75,NA,NA,"L2_English",3.4719222462203,0.23750941770477
"72","S","335",75,NA,NA,"L2_English",3.4719222462203,0.23750941770477
"72","Z","336",75,NA,NA,"L2_English",3.4719222462203,0.23750941770477
"106","S","42",62.5,NA,NA,"L2_English",-9.0280777537797,-0.617598361434489
"106","Z","43",62.5,NA,NA,"L2_English",-9.0280777537797,-0.617598361434489
"106","S","44",62.5,NA,NA,"L2_English",-9.0280777537797,-0.617598361434489
"106","Z","45",62.5,NA,NA,"L2_English",-9.0280777537797,-0.617598361434489
"106","S","46",62.5,NA,NA,"L2_English",-9.0280777537797,-0.617598361434489
"106","Z","47",62.5,NA,NA,"L2_English",-9.0280777537797,-0.617598361434489
"106","S","48",62.5,NA,NA,"L2_English",-9.0280777537797,-0.617598361434489
"106","Z","49",62.5,NA,NA,"L2_English",-9.0280777537797,-0.617598361434489
"106","S","50",62.5,NA,NA,"L2_English",-9.0280777537797,-0.617598361434489
"106","Z","51",62.5,NA,NA,"L2_English",-9.0280777537797,-0.617598361434489
"106","Z","213",62.5,NA,NA,"L2_English",-9.0280777537797,-0.617598361434489
"106","S","214",62.5,NA,NA,"L2_English",-9.0280777537797,-0.617598361434489
"106","Z","215",62.5,NA,NA,"L2_English",-9.0280777537797,-0.617598361434489
"106","S","216",62.5,NA,NA,"L2_English",-9.0280777537797,-0.617598361434489
"106","Z","217",62.5,NA,NA,"L2_English",-9.0280777537797,-0.617598361434489
"106","S","218",62.5,NA,NA,"L2_English",-9.0280777537797,-0.617598361434489
"106","Z","219",62.5,NA,NA,"L2_English",-9.0280777537797,-0.617598361434489
"106","S","220",62.5,NA,NA,"L2_English",-9.0280777537797,-0.617598361434489
"106","S","221",62.5,NA,NA,"L2_English",-9.0280777537797,-0.617598361434489
"106","Z","222",62.5,NA,NA,"L2_English",-9.0280777537797,-0.617598361434489
"106","S","270",62.5,NA,NA,"L2_English",-9.0280777537797,-0.617598361434489
"106","Z","271",62.5,NA,NA,"L2_English",-9.0280777537797,-0.617598361434489
"106","S","272",62.5,NA,NA,"L2_English",-9.0280777537797,-0.617598361434489
"106","Z","273",62.5,NA,NA,"L2_English",-9.0280777537797,-0.617598361434489
"106","S","274",62.5,NA,NA,"L2_English",-9.0280777537797,-0.617598361434489
"106","Z","275",62.5,NA,NA,"L2_English",-9.0280777537797,-0.617598361434489
"106","S","276",62.5,NA,NA,"L2_English",-9.0280777537797,-0.617598361434489
"106","Z","277",62.5,NA,NA,"L2_English",-9.0280777537797,-0.617598361434489
"106","S","278",62.5,NA,NA,"L2_English",-9.0280777537797,-0.617598361434489
"106","Z","279",62.5,NA,NA,"L2_English",-9.0280777537797,-0.617598361434489
"106","Z","327",62.5,NA,NA,"L2_English",-9.0280777537797,-0.617598361434489
"106","S","328",62.5,NA,NA,"L2_English",-9.0280777537797,-0.617598361434489
"106","Z","329",62.5,NA,NA,"L2_English",-9.0280777537797,-0.617598361434489
"106","S","330",62.5,NA,NA,"L2_English",-9.0280777537797,-0.617598361434489
"106","Z","331",62.5,NA,NA,"L2_English",-9.0280777537797,-0.617598361434489
"106","S","332",62.5,NA,NA,"L2_English",-9.0280777537797,-0.617598361434489
"106","Z","333",62.5,NA,NA,"L2_English",-9.0280777537797,-0.617598361434489
"106","S","334",62.5,NA,NA,"L2_English",-9.0280777537797,-0.617598361434489
"106","S","335",62.5,NA,NA,"L2_English",-9.0280777537797,-0.617598361434489
"106","Z","336",62.5,NA,NA,"L2_English",-9.0280777537797,-0.617598361434489
"89","S","42",77.5,NA,NA,"L2_English",5.9719222462203,0.408530973532622
"89","Z","43",77.5,NA,NA,"L2_English",5.9719222462203,0.408530973532622
"89","S","44",77.5,NA,NA,"L2_English",5.9719222462203,0.408530973532622
"89","Z","45",77.5,NA,NA,"L2_English",5.9719222462203,0.408530973532622
"89","S","46",77.5,NA,NA,"L2_English",5.9719222462203,0.408530973532622
"89","Z","47",77.5,NA,NA,"L2_English",5.9719222462203,0.408530973532622
"89","S","48",77.5,NA,NA,"L2_English",5.9719222462203,0.408530973532622
"89","Z","49",77.5,NA,NA,"L2_English",5.9719222462203,0.408530973532622
"89","S","50",77.5,NA,NA,"L2_English",5.9719222462203,0.408530973532622
"89","Z","51",77.5,NA,NA,"L2_English",5.9719222462203,0.408530973532622
"89","Z","213",77.5,NA,NA,"L2_English",5.9719222462203,0.408530973532622
"89","S","214",77.5,NA,NA,"L2_English",5.9719222462203,0.408530973532622
"89","Z","215",77.5,NA,NA,"L2_English",5.9719222462203,0.408530973532622
"89","S","216",77.5,NA,NA,"L2_English",5.9719222462203,0.408530973532622
"89","Z","217",77.5,NA,NA,"L2_English",5.9719222462203,0.408530973532622
"89","S","218",77.5,NA,NA,"L2_English",5.9719222462203,0.408530973532622
"89","Z","219",77.5,NA,NA,"L2_English",5.9719222462203,0.408530973532622
"89","S","220",77.5,NA,NA,"L2_English",5.9719222462203,0.408530973532622
"89","S","221",77.5,NA,NA,"L2_English",5.9719222462203,0.408530973532622
"89","Z","222",77.5,NA,NA,"L2_English",5.9719222462203,0.408530973532622
"89","S","270",77.5,NA,NA,"L2_English",5.9719222462203,0.408530973532622
"89","Z","271",77.5,NA,NA,"L2_English",5.9719222462203,0.408530973532622
"89","S","272",77.5,NA,NA,"L2_English",5.9719222462203,0.408530973532622
"89","Z","273",77.5,NA,NA,"L2_English",5.9719222462203,0.408530973532622
"89","S","274",77.5,NA,NA,"L2_English",5.9719222462203,0.408530973532622
"89","Z","275",77.5,NA,NA,"L2_English",5.9719222462203,0.408530973532622
"89","S","276",77.5,NA,NA,"L2_English",5.9719222462203,0.408530973532622
"89","Z","277",77.5,NA,NA,"L2_English",5.9719222462203,0.408530973532622
"89","S","278",77.5,NA,NA,"L2_English",5.9719222462203,0.408530973532622
"89","Z","279",77.5,NA,NA,"L2_English",5.9719222462203,0.408530973532622
"89","Z","327",77.5,NA,NA,"L2_English",5.9719222462203,0.408530973532622
"89","S","328",77.5,NA,NA,"L2_English",5.9719222462203,0.408530973532622
"89","Z","329",77.5,NA,NA,"L2_English",5.9719222462203,0.408530973532622
"89","S","330",77.5,NA,NA,"L2_English",5.9719222462203,0.408530973532622
"89","Z","331",77.5,NA,NA,"L2_English",5.9719222462203,0.408530973532622
"89","S","332",77.5,NA,NA,"L2_English",5.9719222462203,0.408530973532622
"89","Z","333",77.5,NA,NA,"L2_English",5.9719222462203,0.408530973532622
"89","S","334",77.5,NA,NA,"L2_English",5.9719222462203,0.408530973532622
"89","S","335",77.5,NA,NA,"L2_English",5.9719222462203,0.408530973532622
"89","Z","336",77.5,NA,NA,"L2_English",5.9719222462203,0.408530973532622
"94","S","42",80,NA,NA,"L2_English",8.4719222462203,0.579552529360474
"94","Z","43",80,NA,NA,"L2_English",8.4719222462203,0.579552529360474
"94","S","44",80,NA,NA,"L2_English",8.4719222462203,0.579552529360474
"94","Z","45",80,NA,NA,"L2_English",8.4719222462203,0.579552529360474
"94","S","46",80,NA,NA,"L2_English",8.4719222462203,0.579552529360474
"94","Z","47",80,NA,NA,"L2_English",8.4719222462203,0.579552529360474
"94","S","48",80,NA,NA,"L2_English",8.4719222462203,0.579552529360474
"94","Z","49",80,NA,NA,"L2_English",8.4719222462203,0.579552529360474
"94","S","50",80,NA,NA,"L2_English",8.4719222462203,0.579552529360474
"94","Z","51",80,NA,NA,"L2_English",8.4719222462203,0.579552529360474
"94","Z","213",80,NA,NA,"L2_English",8.4719222462203,0.579552529360474
"94","S","214",80,NA,NA,"L2_English",8.4719222462203,0.579552529360474
"94","Z","215",80,NA,NA,"L2_English",8.4719222462203,0.579552529360474
"94","S","216",80,NA,NA,"L2_English",8.4719222462203,0.579552529360474
"94","Z","217",80,NA,NA,"L2_English",8.4719222462203,0.579552529360474
"94","S","218",80,NA,NA,"L2_English",8.4719222462203,0.579552529360474
"94","Z","219",80,NA,NA,"L2_English",8.4719222462203,0.579552529360474
"94","S","220",80,NA,NA,"L2_English",8.4719222462203,0.579552529360474
"94","S","221",80,NA,NA,"L2_English",8.4719222462203,0.579552529360474
"94","Z","222",80,NA,NA,"L2_English",8.4719222462203,0.579552529360474
"94","S","270",80,NA,NA,"L2_English",8.4719222462203,0.579552529360474
"94","Z","271",80,NA,NA,"L2_English",8.4719222462203,0.579552529360474
"94","S","272",80,NA,NA,"L2_English",8.4719222462203,0.579552529360474
"94","Z","273",80,NA,NA,"L2_English",8.4719222462203,0.579552529360474
"94","S","274",80,NA,NA,"L2_English",8.4719222462203,0.579552529360474
"94","Z","275",80,NA,NA,"L2_English",8.4719222462203,0.579552529360474
"94","S","276",80,NA,NA,"L2_English",8.4719222462203,0.579552529360474
"94","Z","277",80,NA,NA,"L2_English",8.4719222462203,0.579552529360474
"94","S","278",80,NA,NA,"L2_English",8.4719222462203,0.579552529360474
"94","Z","279",80,NA,NA,"L2_English",8.4719222462203,0.579552529360474
"94","Z","327",80,4,-0.889535607299048,"L2_English",8.4719222462203,0.579552529360474
"94","S","328",80,7,0.778343656386667,"L2_English",8.4719222462203,0.579552529360474
"94","Z","329",80,7,0.778343656386667,"L2_English",8.4719222462203,0.579552529360474
"94","S","330",80,7,0.778343656386667,"L2_English",8.4719222462203,0.579552529360474
"94","Z","331",80,7,0.778343656386667,"L2_English",8.4719222462203,0.579552529360474
"94","S","332",80,7,0.778343656386667,"L2_English",8.4719222462203,0.579552529360474
"94","Z","333",80,5,-0.333575852737143,"L2_English",8.4719222462203,0.579552529360474
"94","S","334",80,5,-0.333575852737143,"L2_English",8.4719222462203,0.579552529360474
"94","S","335",80,7,0.778343656386667,"L2_English",8.4719222462203,0.579552529360474
"94","Z","336",80,4,-0.889535607299048,"L2_English",8.4719222462203,0.579552529360474
"43","S","42",50,NA,NA,"L2_English",-21.5280777537797,-1.47270614057375
"43","Z","43",50,NA,NA,"L2_English",-21.5280777537797,-1.47270614057375
"43","S","44",50,NA,NA,"L2_English",-21.5280777537797,-1.47270614057375
"43","Z","45",50,NA,NA,"L2_English",-21.5280777537797,-1.47270614057375
"43","S","46",50,NA,NA,"L2_English",-21.5280777537797,-1.47270614057375
"43","Z","47",50,NA,NA,"L2_English",-21.5280777537797,-1.47270614057375
"43","S","48",50,NA,NA,"L2_English",-21.5280777537797,-1.47270614057375
"43","Z","49",50,NA,NA,"L2_English",-21.5280777537797,-1.47270614057375
"43","S","50",50,NA,NA,"L2_English",-21.5280777537797,-1.47270614057375
"43","Z","51",50,NA,NA,"L2_English",-21.5280777537797,-1.47270614057375
"43","Z","213",50,NA,NA,"L2_English",-21.5280777537797,-1.47270614057375
"43","S","214",50,NA,NA,"L2_English",-21.5280777537797,-1.47270614057375
"43","Z","215",50,NA,NA,"L2_English",-21.5280777537797,-1.47270614057375
"43","S","216",50,NA,NA,"L2_English",-21.5280777537797,-1.47270614057375
"43","Z","217",50,NA,NA,"L2_English",-21.5280777537797,-1.47270614057375
"43","S","218",50,NA,NA,"L2_English",-21.5280777537797,-1.47270614057375
"43","Z","219",50,NA,NA,"L2_English",-21.5280777537797,-1.47270614057375
"43","S","220",50,NA,NA,"L2_English",-21.5280777537797,-1.47270614057375
"43","S","221",50,NA,NA,"L2_English",-21.5280777537797,-1.47270614057375
"43","Z","222",50,NA,NA,"L2_English",-21.5280777537797,-1.47270614057375
"43","S","270",50,2,-2.00145511642286,"L2_English",-21.5280777537797,-1.47270614057375
"43","Z","271",50,7,0.778343656386667,"L2_English",-21.5280777537797,-1.47270614057375
"43","S","272",50,7,0.778343656386667,"L2_English",-21.5280777537797,-1.47270614057375
"43","Z","273",50,7,0.778343656386667,"L2_English",-21.5280777537797,-1.47270614057375
"43","S","274",50,7,0.778343656386667,"L2_English",-21.5280777537797,-1.47270614057375
"43","Z","275",50,7,0.778343656386667,"L2_English",-21.5280777537797,-1.47270614057375
"43","S","276",50,1,-2.55741487098476,"L2_English",-21.5280777537797,-1.47270614057375
"43","Z","277",50,7,0.778343656386667,"L2_English",-21.5280777537797,-1.47270614057375
"43","S","278",50,7,0.778343656386667,"L2_English",-21.5280777537797,-1.47270614057375
"43","Z","279",50,7,0.778343656386667,"L2_English",-21.5280777537797,-1.47270614057375
"43","Z","327",50,NA,NA,"L2_English",-21.5280777537797,-1.47270614057375
"43","S","328",50,NA,NA,"L2_English",-21.5280777537797,-1.47270614057375
"43","Z","329",50,NA,NA,"L2_English",-21.5280777537797,-1.47270614057375
"43","S","330",50,NA,NA,"L2_English",-21.5280777537797,-1.47270614057375
"43","Z","331",50,NA,NA,"L2_English",-21.5280777537797,-1.47270614057375
"43","S","332",50,NA,NA,"L2_English",-21.5280777537797,-1.47270614057375
"43","Z","333",50,NA,NA,"L2_English",-21.5280777537797,-1.47270614057375
"43","S","334",50,NA,NA,"L2_English",-21.5280777537797,-1.47270614057375
"43","S","335",50,NA,NA,"L2_English",-21.5280777537797,-1.47270614057375
"43","Z","336",50,NA,NA,"L2_English",-21.5280777537797,-1.47270614057375
"74","S","42",75,NA,NA,"L2_English",3.4719222462203,0.23750941770477
"74","Z","43",75,NA,NA,"L2_English",3.4719222462203,0.23750941770477
"74","S","44",75,NA,NA,"L2_English",3.4719222462203,0.23750941770477
"74","Z","45",75,NA,NA,"L2_English",3.4719222462203,0.23750941770477
"74","S","46",75,NA,NA,"L2_English",3.4719222462203,0.23750941770477
"74","Z","47",75,NA,NA,"L2_English",3.4719222462203,0.23750941770477
"74","S","48",75,NA,NA,"L2_English",3.4719222462203,0.23750941770477
"74","Z","49",75,NA,NA,"L2_English",3.4719222462203,0.23750941770477
"74","S","50",75,NA,NA,"L2_English",3.4719222462203,0.23750941770477
"74","Z","51",75,NA,NA,"L2_English",3.4719222462203,0.23750941770477
"74","Z","213",75,NA,NA,"L2_English",3.4719222462203,0.23750941770477
"74","S","214",75,NA,NA,"L2_English",3.4719222462203,0.23750941770477
"74","Z","215",75,NA,NA,"L2_English",3.4719222462203,0.23750941770477
"74","S","216",75,NA,NA,"L2_English",3.4719222462203,0.23750941770477
"74","Z","217",75,NA,NA,"L2_English",3.4719222462203,0.23750941770477
"74","S","218",75,NA,NA,"L2_English",3.4719222462203,0.23750941770477
"74","Z","219",75,NA,NA,"L2_English",3.4719222462203,0.23750941770477
"74","S","220",75,NA,NA,"L2_English",3.4719222462203,0.23750941770477
"74","S","221",75,NA,NA,"L2_English",3.4719222462203,0.23750941770477
"74","Z","222",75,NA,NA,"L2_English",3.4719222462203,0.23750941770477
"74","S","270",75,NA,NA,"L2_English",3.4719222462203,0.23750941770477
"74","Z","271",75,NA,NA,"L2_English",3.4719222462203,0.23750941770477
"74","S","272",75,NA,NA,"L2_English",3.4719222462203,0.23750941770477
"74","Z","273",75,NA,NA,"L2_English",3.4719222462203,0.23750941770477
"74","S","274",75,NA,NA,"L2_English",3.4719222462203,0.23750941770477
"74","Z","275",75,NA,NA,"L2_English",3.4719222462203,0.23750941770477
"74","S","276",75,NA,NA,"L2_English",3.4719222462203,0.23750941770477
"74","Z","277",75,NA,NA,"L2_English",3.4719222462203,0.23750941770477
"74","S","278",75,NA,NA,"L2_English",3.4719222462203,0.23750941770477
"74","Z","279",75,NA,NA,"L2_English",3.4719222462203,0.23750941770477
"74","Z","327",75,NA,NA,"L2_English",3.4719222462203,0.23750941770477
"74","S","328",75,NA,NA,"L2_English",3.4719222462203,0.23750941770477
"74","Z","329",75,NA,NA,"L2_English",3.4719222462203,0.23750941770477
"74","S","330",75,NA,NA,"L2_English",3.4719222462203,0.23750941770477
"74","Z","331",75,NA,NA,"L2_English",3.4719222462203,0.23750941770477
"74","S","332",75,NA,NA,"L2_English",3.4719222462203,0.23750941770477
"74","Z","333",75,NA,NA,"L2_English",3.4719222462203,0.23750941770477
"74","S","334",75,NA,NA,"L2_English",3.4719222462203,0.23750941770477
"74","S","335",75,NA,NA,"L2_English",3.4719222462203,0.23750941770477
"74","Z","336",75,NA,NA,"L2_English",3.4719222462203,0.23750941770477
"95","S","42",80,7,0.778343656386667,"L2_English",8.4719222462203,0.579552529360474
"95","Z","43",80,7,0.778343656386667,"L2_English",8.4719222462203,0.579552529360474
"95","S","44",80,7,0.778343656386667,"L2_English",8.4719222462203,0.579552529360474
"95","Z","45",80,6,0.222383901824762,"L2_English",8.4719222462203,0.579552529360474
"95","S","46",80,7,0.778343656386667,"L2_English",8.4719222462203,0.579552529360474
"95","Z","47",80,7,0.778343656386667,"L2_English",8.4719222462203,0.579552529360474
"95","S","48",80,7,0.778343656386667,"L2_English",8.4719222462203,0.579552529360474
"95","Z","49",80,7,0.778343656386667,"L2_English",8.4719222462203,0.579552529360474
"95","S","50",80,7,0.778343656386667,"L2_English",8.4719222462203,0.579552529360474
"95","Z","51",80,7,0.778343656386667,"L2_English",8.4719222462203,0.579552529360474
"95","Z","213",80,NA,NA,"L2_English",8.4719222462203,0.579552529360474
"95","S","214",80,NA,NA,"L2_English",8.4719222462203,0.579552529360474
"95","Z","215",80,NA,NA,"L2_English",8.4719222462203,0.579552529360474
"95","S","216",80,NA,NA,"L2_English",8.4719222462203,0.579552529360474
"95","Z","217",80,NA,NA,"L2_English",8.4719222462203,0.579552529360474
"95","S","218",80,NA,NA,"L2_English",8.4719222462203,0.579552529360474
"95","Z","219",80,NA,NA,"L2_English",8.4719222462203,0.579552529360474
"95","S","220",80,NA,NA,"L2_English",8.4719222462203,0.579552529360474
"95","S","221",80,NA,NA,"L2_English",8.4719222462203,0.579552529360474
"95","Z","222",80,NA,NA,"L2_English",8.4719222462203,0.579552529360474
"95","S","270",80,NA,NA,"L2_English",8.4719222462203,0.579552529360474
"95","Z","271",80,NA,NA,"L2_English",8.4719222462203,0.579552529360474
"95","S","272",80,NA,NA,"L2_English",8.4719222462203,0.579552529360474
"95","Z","273",80,NA,NA,"L2_English",8.4719222462203,0.579552529360474
"95","S","274",80,NA,NA,"L2_English",8.4719222462203,0.579552529360474
"95","Z","275",80,NA,NA,"L2_English",8.4719222462203,0.579552529360474
"95","S","276",80,NA,NA,"L2_English",8.4719222462203,0.579552529360474
"95","Z","277",80,NA,NA,"L2_English",8.4719222462203,0.579552529360474
"95","S","278",80,NA,NA,"L2_English",8.4719222462203,0.579552529360474
"95","Z","279",80,NA,NA,"L2_English",8.4719222462203,0.579552529360474
"95","Z","327",80,NA,NA,"L2_English",8.4719222462203,0.579552529360474
"95","S","328",80,NA,NA,"L2_English",8.4719222462203,0.579552529360474
"95","Z","329",80,NA,NA,"L2_English",8.4719222462203,0.579552529360474
"95","S","330",80,NA,NA,"L2_English",8.4719222462203,0.579552529360474
"95","Z","331",80,NA,NA,"L2_English",8.4719222462203,0.579552529360474
"95","S","332",80,NA,NA,"L2_English",8.4719222462203,0.579552529360474
"95","Z","333",80,NA,NA,"L2_English",8.4719222462203,0.579552529360474
"95","S","334",80,NA,NA,"L2_English",8.4719222462203,0.579552529360474
"95","S","335",80,NA,NA,"L2_English",8.4719222462203,0.579552529360474
"95","Z","336",80,NA,NA,"L2_English",8.4719222462203,0.579552529360474
"52","S","42",88.75,NA,NA,"L2_English",17.2219222462203,1.17812797475796
"52","Z","43",88.75,NA,NA,"L2_English",17.2219222462203,1.17812797475796
"52","S","44",88.75,NA,NA,"L2_English",17.2219222462203,1.17812797475796
"52","Z","45",88.75,NA,NA,"L2_English",17.2219222462203,1.17812797475796
"52","S","46",88.75,NA,NA,"L2_English",17.2219222462203,1.17812797475796
"52","Z","47",88.75,NA,NA,"L2_English",17.2219222462203,1.17812797475796
"52","S","48",88.75,NA,NA,"L2_English",17.2219222462203,1.17812797475796
"52","Z","49",88.75,NA,NA,"L2_English",17.2219222462203,1.17812797475796
"52","S","50",88.75,NA,NA,"L2_English",17.2219222462203,1.17812797475796
"52","Z","51",88.75,NA,NA,"L2_English",17.2219222462203,1.17812797475796
"52","Z","213",88.75,2,-2.00145511642286,"L2_English",17.2219222462203,1.17812797475796
"52","S","214",88.75,5,-0.333575852737143,"L2_English",17.2219222462203,1.17812797475796
"52","Z","215",88.75,4,-0.889535607299048,"L2_English",17.2219222462203,1.17812797475796
"52","S","216",88.75,7,0.778343656386667,"L2_English",17.2219222462203,1.17812797475796
"52","Z","217",88.75,7,0.778343656386667,"L2_English",17.2219222462203,1.17812797475796
"52","S","218",88.75,7,0.778343656386667,"L2_English",17.2219222462203,1.17812797475796
"52","Z","219",88.75,7,0.778343656386667,"L2_English",17.2219222462203,1.17812797475796
"52","S","220",88.75,6,0.222383901824762,"L2_English",17.2219222462203,1.17812797475796
"52","S","221",88.75,7,0.778343656386667,"L2_English",17.2219222462203,1.17812797475796
"52","Z","222",88.75,7,0.778343656386667,"L2_English",17.2219222462203,1.17812797475796
"52","S","270",88.75,NA,NA,"L2_English",17.2219222462203,1.17812797475796
"52","Z","271",88.75,NA,NA,"L2_English",17.2219222462203,1.17812797475796
"52","S","272",88.75,NA,NA,"L2_English",17.2219222462203,1.17812797475796
"52","Z","273",88.75,NA,NA,"L2_English",17.2219222462203,1.17812797475796
"52","S","274",88.75,NA,NA,"L2_English",17.2219222462203,1.17812797475796
"52","Z","275",88.75,NA,NA,"L2_English",17.2219222462203,1.17812797475796
"52","S","276",88.75,NA,NA,"L2_English",17.2219222462203,1.17812797475796
"52","Z","277",88.75,NA,NA,"L2_English",17.2219222462203,1.17812797475796
"52","S","278",88.75,NA,NA,"L2_English",17.2219222462203,1.17812797475796
"52","Z","279",88.75,NA,NA,"L2_English",17.2219222462203,1.17812797475796
"52","Z","327",88.75,NA,NA,"L2_English",17.2219222462203,1.17812797475796
"52","S","328",88.75,NA,NA,"L2_English",17.2219222462203,1.17812797475796
"52","Z","329",88.75,NA,NA,"L2_English",17.2219222462203,1.17812797475796
"52","S","330",88.75,NA,NA,"L2_English",17.2219222462203,1.17812797475796
"52","Z","331",88.75,NA,NA,"L2_English",17.2219222462203,1.17812797475796
"52","S","332",88.75,NA,NA,"L2_English",17.2219222462203,1.17812797475796
"52","Z","333",88.75,NA,NA,"L2_English",17.2219222462203,1.17812797475796
"52","S","334",88.75,NA,NA,"L2_English",17.2219222462203,1.17812797475796
"52","S","335",88.75,NA,NA,"L2_English",17.2219222462203,1.17812797475796
"52","Z","336",88.75,NA,NA,"L2_English",17.2219222462203,1.17812797475796
"84","S","42",78.75,NA,NA,"L2_English",7.2219222462203,0.494041751446548
"84","Z","43",78.75,NA,NA,"L2_English",7.2219222462203,0.494041751446548
"84","S","44",78.75,NA,NA,"L2_English",7.2219222462203,0.494041751446548
"84","Z","45",78.75,NA,NA,"L2_English",7.2219222462203,0.494041751446548
"84","S","46",78.75,NA,NA,"L2_English",7.2219222462203,0.494041751446548
"84","Z","47",78.75,NA,NA,"L2_English",7.2219222462203,0.494041751446548
"84","S","48",78.75,NA,NA,"L2_English",7.2219222462203,0.494041751446548
"84","Z","49",78.75,NA,NA,"L2_English",7.2219222462203,0.494041751446548
"84","S","50",78.75,NA,NA,"L2_English",7.2219222462203,0.494041751446548
"84","Z","51",78.75,NA,NA,"L2_English",7.2219222462203,0.494041751446548
"84","Z","213",78.75,NA,NA,"L2_English",7.2219222462203,0.494041751446548
"84","S","214",78.75,NA,NA,"L2_English",7.2219222462203,0.494041751446548
"84","Z","215",78.75,NA,NA,"L2_English",7.2219222462203,0.494041751446548
"84","S","216",78.75,NA,NA,"L2_English",7.2219222462203,0.494041751446548
"84","Z","217",78.75,NA,NA,"L2_English",7.2219222462203,0.494041751446548
"84","S","218",78.75,NA,NA,"L2_English",7.2219222462203,0.494041751446548
"84","Z","219",78.75,NA,NA,"L2_English",7.2219222462203,0.494041751446548
"84","S","220",78.75,NA,NA,"L2_English",7.2219222462203,0.494041751446548
"84","S","221",78.75,NA,NA,"L2_English",7.2219222462203,0.494041751446548
"84","Z","222",78.75,NA,NA,"L2_English",7.2219222462203,0.494041751446548
"84","S","270",78.75,NA,NA,"L2_English",7.2219222462203,0.494041751446548
"84","Z","271",78.75,NA,NA,"L2_English",7.2219222462203,0.494041751446548
"84","S","272",78.75,NA,NA,"L2_English",7.2219222462203,0.494041751446548
"84","Z","273",78.75,NA,NA,"L2_English",7.2219222462203,0.494041751446548
"84","S","274",78.75,NA,NA,"L2_English",7.2219222462203,0.494041751446548
"84","Z","275",78.75,NA,NA,"L2_English",7.2219222462203,0.494041751446548
"84","S","276",78.75,NA,NA,"L2_English",7.2219222462203,0.494041751446548
"84","Z","277",78.75,NA,NA,"L2_English",7.2219222462203,0.494041751446548
"84","S","278",78.75,NA,NA,"L2_English",7.2219222462203,0.494041751446548
"84","Z","279",78.75,NA,NA,"L2_English",7.2219222462203,0.494041751446548
"84","Z","327",78.75,NA,NA,"L2_English",7.2219222462203,0.494041751446548
"84","S","328",78.75,NA,NA,"L2_English",7.2219222462203,0.494041751446548
"84","Z","329",78.75,NA,NA,"L2_English",7.2219222462203,0.494041751446548
"84","S","330",78.75,NA,NA,"L2_English",7.2219222462203,0.494041751446548
"84","Z","331",78.75,NA,NA,"L2_English",7.2219222462203,0.494041751446548
"84","S","332",78.75,NA,NA,"L2_English",7.2219222462203,0.494041751446548
"84","Z","333",78.75,NA,NA,"L2_English",7.2219222462203,0.494041751446548
"84","S","334",78.75,NA,NA,"L2_English",7.2219222462203,0.494041751446548
"84","S","335",78.75,NA,NA,"L2_English",7.2219222462203,0.494041751446548
"84","Z","336",78.75,NA,NA,"L2_English",7.2219222462203,0.494041751446548
"73","S","42",81.25,NA,NA,"L2_English",9.7219222462203,0.6650633072744
"73","Z","43",81.25,NA,NA,"L2_English",9.7219222462203,0.6650633072744
"73","S","44",81.25,NA,NA,"L2_English",9.7219222462203,0.6650633072744
"73","Z","45",81.25,NA,NA,"L2_English",9.7219222462203,0.6650633072744
"73","S","46",81.25,NA,NA,"L2_English",9.7219222462203,0.6650633072744
"73","Z","47",81.25,NA,NA,"L2_English",9.7219222462203,0.6650633072744
"73","S","48",81.25,NA,NA,"L2_English",9.7219222462203,0.6650633072744
"73","Z","49",81.25,NA,NA,"L2_English",9.7219222462203,0.6650633072744
"73","S","50",81.25,NA,NA,"L2_English",9.7219222462203,0.6650633072744
"73","Z","51",81.25,NA,NA,"L2_English",9.7219222462203,0.6650633072744
"73","Z","213",81.25,4,-0.889535607299048,"L2_English",9.7219222462203,0.6650633072744
"73","S","214",81.25,6,0.222383901824762,"L2_English",9.7219222462203,0.6650633072744
"73","Z","215",81.25,3,-1.44549536186095,"L2_English",9.7219222462203,0.6650633072744
"73","S","216",81.25,4,-0.889535607299048,"L2_English",9.7219222462203,0.6650633072744
"73","Z","217",81.25,7,0.778343656386667,"L2_English",9.7219222462203,0.6650633072744
"73","S","218",81.25,5,-0.333575852737143,"L2_English",9.7219222462203,0.6650633072744
"73","Z","219",81.25,1,-2.55741487098476,"L2_English",9.7219222462203,0.6650633072744
"73","S","220",81.25,7,0.778343656386667,"L2_English",9.7219222462203,0.6650633072744
"73","S","221",81.25,4,-0.889535607299048,"L2_English",9.7219222462203,0.6650633072744
"73","Z","222",81.25,2,-2.00145511642286,"L2_English",9.7219222462203,0.6650633072744
"73","S","270",81.25,NA,NA,"L2_English",9.7219222462203,0.6650633072744
"73","Z","271",81.25,NA,NA,"L2_English",9.7219222462203,0.6650633072744
"73","S","272",81.25,NA,NA,"L2_English",9.7219222462203,0.6650633072744
"73","Z","273",81.25,NA,NA,"L2_English",9.7219222462203,0.6650633072744
"73","S","274",81.25,NA,NA,"L2_English",9.7219222462203,0.6650633072744
"73","Z","275",81.25,NA,NA,"L2_English",9.7219222462203,0.6650633072744
"73","S","276",81.25,NA,NA,"L2_English",9.7219222462203,0.6650633072744
"73","Z","277",81.25,NA,NA,"L2_English",9.7219222462203,0.6650633072744
"73","S","278",81.25,NA,NA,"L2_English",9.7219222462203,0.6650633072744
"73","Z","279",81.25,NA,NA,"L2_English",9.7219222462203,0.6650633072744
"73","Z","327",81.25,NA,NA,"L2_English",9.7219222462203,0.6650633072744
"73","S","328",81.25,NA,NA,"L2_English",9.7219222462203,0.6650633072744
"73","Z","329",81.25,NA,NA,"L2_English",9.7219222462203,0.6650633072744
"73","S","330",81.25,NA,NA,"L2_English",9.7219222462203,0.6650633072744
"73","Z","331",81.25,NA,NA,"L2_English",9.7219222462203,0.6650633072744
"73","S","332",81.25,NA,NA,"L2_English",9.7219222462203,0.6650633072744
"73","Z","333",81.25,NA,NA,"L2_English",9.7219222462203,0.6650633072744
"73","S","334",81.25,NA,NA,"L2_English",9.7219222462203,0.6650633072744
"73","S","335",81.25,NA,NA,"L2_English",9.7219222462203,0.6650633072744
"73","Z","336",81.25,NA,NA,"L2_English",9.7219222462203,0.6650633072744
"51","S","42",50,7,0.778343656386667,"L2_English",-21.5280777537797,-1.47270614057375
"51","Z","43",50,7,0.778343656386667,"L2_English",-21.5280777537797,-1.47270614057375
"51","S","44",50,7,0.778343656386667,"L2_English",-21.5280777537797,-1.47270614057375
"51","Z","45",50,7,0.778343656386667,"L2_English",-21.5280777537797,-1.47270614057375
"51","S","46",50,7,0.778343656386667,"L2_English",-21.5280777537797,-1.47270614057375
"51","Z","47",50,7,0.778343656386667,"L2_English",-21.5280777537797,-1.47270614057375
"51","S","48",50,7,0.778343656386667,"L2_English",-21.5280777537797,-1.47270614057375
"51","Z","49",50,6,0.222383901824762,"L2_English",-21.5280777537797,-1.47270614057375
"51","S","50",50,7,0.778343656386667,"L2_English",-21.5280777537797,-1.47270614057375
"51","Z","51",50,4,-0.889535607299048,"L2_English",-21.5280777537797,-1.47270614057375
"51","Z","213",50,NA,NA,"L2_English",-21.5280777537797,-1.47270614057375
"51","S","214",50,NA,NA,"L2_English",-21.5280777537797,-1.47270614057375
"51","Z","215",50,NA,NA,"L2_English",-21.5280777537797,-1.47270614057375
"51","S","216",50,NA,NA,"L2_English",-21.5280777537797,-1.47270614057375
"51","Z","217",50,NA,NA,"L2_English",-21.5280777537797,-1.47270614057375
"51","S","218",50,NA,NA,"L2_English",-21.5280777537797,-1.47270614057375
"51","Z","219",50,NA,NA,"L2_English",-21.5280777537797,-1.47270614057375
"51","S","220",50,NA,NA,"L2_English",-21.5280777537797,-1.47270614057375
"51","S","221",50,NA,NA,"L2_English",-21.5280777537797,-1.47270614057375
"51","Z","222",50,NA,NA,"L2_English",-21.5280777537797,-1.47270614057375
